,0,title
0,tt8805968,Guardians of the Galaxy Vol 2
1,m0001073,Coco
2,m0001073,Coco
3,m0000187,Dumbo
4,m0000187,Dumbo
5,tt7813262,Fast and Furious 6
6,m3119473,Mr. Peabody & Sherman
7,m3119473,Mr. Peabody & Sherman
8,tt9382818,"The Twilight Saga: Breaking Dawn, Part 2"
9,tt3062026,The Hangover 3
10,m0000203,Rio
11,m0000203,Rio
12,tt3006462,Doctor Seuss' The Lorax
13,tt1397132,Spy!
14,m0004266,Annie
15,m0004266,Annie
16,m0502342,Joy
17,m0502342,Joy
18,tt8080292,The Watch
19,m0290556,Ted
20,m0290556,Ted
21,tt3070498,Disney Planes
22,tt5421212,Hansel & Gretel: Witch Hunters
23,m0000568,The Muppets
24,m0000568,The Muppets
25,m0396079,Holmes & Watson
26,m0396079,Holmes & Watson
27,m0908094,Paul
28,m0908094,Paul
29,m0005522,Stone
30,m0005522,Stone
31,m0000827,Max
32,m0000827,Max
33,tt4943216,George Balanchine\'s The Nutcracker
34,tt5275280,Un ProphÃ¨te
35,m2442289,Conviction
36,m2442289,Conviction
37,m3507289,Trash
38,m3507289,Trash
39,tt11641040,Io sono lâamore
40,m3117320,Jackie
41,m3117320,Jackie
42,m0001576,Bernie
43,m0001576,Bernie
44,tt2355062,Haevnen
45,m0002121,Maggie
46,m0002121,Maggie
47,m0330687,Joe
48,m0330687,Joe
49,m0000206,The Wall
50,m0000206,The Wall
51,m0738042,Amigo
52,m0738042,Amigo
53,tt10177850,That Way Madness Lies
